{
  "experiment": "Wave-Harmonic Terrain Generation \u2014 Experimental Validation",
  "parameters": {
    "noise_type": "perlin",
    "frequency": 5.0,
    "octaves": 6,
    "persistence": 0.5,
    "lacunarity": 2.0,
    "wave_intensity": 0.3,
    "wave_count": 8,
    "erosion_iterations": 10,
    "talus_angle": 0.05,
    "thermal_rate": 0.5
  },
  "performance": {
    "256": {
      "A_raw_noise": {
        "mean_latency_ms": 36.306080000213115,
        "std_latency_ms": 1.4374306483958146,
        "peak_memory_mb": 6.753557205200195,
        "n_samples": 5,
        "throughput_mpps": 1.8050971076914752
      },
      "B_fbm": {
        "mean_latency_ms": 221.1381800003437,
        "std_latency_ms": 8.430251444638445,
        "peak_memory_mb": 6.753334999084473,
        "n_samples": 5,
        "throughput_mpps": 0.29635768911500554
      },
      "C_fbm_eroded": {
        "mean_latency_ms": 251.7771200000425,
        "std_latency_ms": 1.5330139326145724,
        "peak_memory_mb": 9.067307472229004,
        "n_samples": 5,
        "throughput_mpps": 0.26029370738687035
      },
      "D_wave_harmonic_no_erode": {
        "mean_latency_ms": 220.2915000001667,
        "std_latency_ms": 3.942061425565278,
        "peak_memory_mb": 6.753334999084473,
        "n_samples": 5,
        "throughput_mpps": 0.2974967259288279
      },
      "E_wave_harmonic_full": {
        "mean_latency_ms": 253.37838000050397,
        "std_latency_ms": 3.1246632531841856,
        "peak_memory_mb": 9.567666053771973,
        "n_samples": 5,
        "throughput_mpps": 0.25864874501080026
      }
    }
  },
  "structural": {
    "A_raw_noise": {
      "mean_spectral_slope": -2.872990995552954,
      "std_spectral_slope": 0.018596311703104457,
      "mean_roughness": 0.0002080290820231312,
      "std_roughness": 7.003867120932666e-06,
      "mean_regional_diff": 1.3649230671637245e-05,
      "n_samples": 5
    },
    "B_fbm": {
      "mean_spectral_slope": -3.1127099899167723,
      "std_spectral_slope": 0.06961008031719157,
      "mean_roughness": 0.005444241486111423,
      "std_roughness": 4.234182338784847e-05,
      "mean_regional_diff": -1.40742851974315e-05,
      "n_samples": 5
    },
    "C_fbm_eroded": {
      "mean_spectral_slope": -3.1127099899167723,
      "std_spectral_slope": 0.06961008031719157,
      "mean_roughness": 0.005444241486111423,
      "std_roughness": 4.234182338784847e-05,
      "mean_regional_diff": -1.40742851974315e-05,
      "n_samples": 5
    },
    "D_wave_harmonic_no_erode": {
      "mean_spectral_slope": -3.05939429221238,
      "std_spectral_slope": 0.06807231986791672,
      "mean_roughness": 0.006159120126949347,
      "std_roughness": 6.208406466904696e-05,
      "mean_regional_diff": 0.003960772127425259,
      "n_samples": 5
    },
    "E_wave_harmonic_full": {
      "mean_spectral_slope": -3.0604451033241586,
      "std_spectral_slope": 0.06824888765532107,
      "mean_roughness": 0.0060744752051164145,
      "std_roughness": 7.188948238792326e-05,
      "mean_regional_diff": 0.0037673885500068374,
      "n_samples": 5
    }
  },
  "statistics": {
    "performance": {
      "latency_BvsE_256x256": {
        "t_statistic": -10.298598521987962,
        "p_value": 0.0005014433108914715,
        "significant": true,
        "test_used": "paired_t_test"
      }
    },
    "structural": {
      "slope_B_fbm_vs_D_wave_harmonic_no_erode": {
        "baseline_mean_slope": -3.1127099899167723,
        "baseline_std_slope": 0.06961008031719157,
        "enhanced_mean_slope": -3.05939429221238,
        "enhanced_std_slope": 0.06807231986791672,
        "t_statistic": -1.5640972507038804,
        "p_value": 0.19284022271697346,
        "significant": false,
        "test_used": "paired_t_test"
      },
      "slope_B_fbm_vs_E_wave_harmonic_full": {
        "baseline_mean_slope": -3.1127099899167723,
        "baseline_std_slope": 0.06961008031719157,
        "enhanced_mean_slope": -3.0604451033241586,
        "enhanced_std_slope": 0.06824888765532107,
        "t_statistic": -1.5136776663008085,
        "p_value": 0.20466603525715246,
        "significant": false,
        "test_used": "paired_t_test"
      },
      "slope_C_fbm_eroded_vs_E_wave_harmonic_full": {
        "baseline_mean_slope": -3.1127099899167723,
        "baseline_std_slope": 0.06961008031719157,
        "enhanced_mean_slope": -3.0604451033241586,
        "enhanced_std_slope": 0.06824888765532107,
        "t_statistic": -1.5136776663008085,
        "p_value": 0.20466603525715246,
        "significant": false,
        "test_used": "paired_t_test"
      },
      "roughness_differential_D_wave_harmonic_no_erode": {
        "t_statistic": 25.4631466783091,
        "p_value": 1.4127022049127632e-05,
        "significant": true,
        "mean_diff": 0.003960772127425259
      },
      "roughness_differential_E_wave_harmonic_full": {
        "t_statistic": 27.568730456932183,
        "p_value": 1.0296374474628101e-05,
        "significant": true,
        "mean_diff": 0.0037673885500068374
      }
    }
  }
}