{
  "experiment": "Wave-Harmonic Terrain Generation \u2014 Experimental Validation",
  "parameters": {
    "noise_type": "perlin",
    "frequency": 5.0,
    "octaves": 6,
    "persistence": 0.5,
    "lacunarity": 2.0,
    "wave_intensity": 0.3,
    "wave_count": 8,
    "erosion_iterations": 10,
    "talus_angle": 0.05,
    "thermal_rate": 0.5
  },
  "performance": {
    "256": {
      "A_raw_noise": {
        "mean_latency_ms": 49.30974000017159,
        "std_latency_ms": 2.4351244431690784,
        "peak_memory_mb": 6.753557205200195,
        "n_samples": 5,
        "throughput_mpps": 1.3290680502426486
      },
      "B_fbm": {
        "mean_latency_ms": 233.35312000017439,
        "std_latency_ms": 10.286631538244377,
        "peak_memory_mb": 6.753381729125977,
        "n_samples": 5,
        "throughput_mpps": 0.2808447557930703
      },
      "C_fbm_eroded": {
        "mean_latency_ms": 273.038760000054,
        "std_latency_ms": 11.5172691025033,
        "peak_memory_mb": 9.067354202270508,
        "n_samples": 5,
        "throughput_mpps": 0.2400245298505862
      },
      "D_wave_harmonic_no_erode": {
        "mean_latency_ms": 240.92862000034074,
        "std_latency_ms": 14.053436116894277,
        "peak_memory_mb": 6.753334999084473,
        "n_samples": 5,
        "throughput_mpps": 0.2720141758165025
      },
      "E_wave_harmonic_full": {
        "mean_latency_ms": 267.8786400003446,
        "std_latency_ms": 4.302016159104478,
        "peak_memory_mb": 9.56775951385498,
        "n_samples": 5,
        "throughput_mpps": 0.24464809885519684
      }
    }
  },
  "structural": {
    "A_raw_noise": {
      "mean_spectral_slope": -2.872990995552954,
      "std_spectral_slope": 0.018596311703104457,
      "mean_roughness": 0.0002080290820231312,
      "std_roughness": 7.003867120932666e-06,
      "mean_regional_diff": 1.3649230671637245e-05,
      "n_samples": 5
    },
    "B_fbm": {
      "mean_spectral_slope": -3.1127099899167723,
      "std_spectral_slope": 0.06961008031719157,
      "mean_roughness": 0.005444241486111423,
      "std_roughness": 4.234182338784847e-05,
      "mean_regional_diff": -1.40742851974315e-05,
      "n_samples": 5
    },
    "C_fbm_eroded": {
      "mean_spectral_slope": -3.1127099899167723,
      "std_spectral_slope": 0.06961008031719157,
      "mean_roughness": 0.005444241486111423,
      "std_roughness": 4.234182338784847e-05,
      "mean_regional_diff": -1.40742851974315e-05,
      "n_samples": 5
    },
    "D_wave_harmonic_no_erode": {
      "mean_spectral_slope": -3.133617293937415,
      "std_spectral_slope": 0.09933208409182885,
      "mean_roughness": 0.005471834577065238,
      "std_roughness": 5.3631418758898226e-05,
      "mean_regional_diff": 0.0002199609543987088,
      "n_samples": 5
    },
    "E_wave_harmonic_full": {
      "mean_spectral_slope": -3.133617293937415,
      "std_spectral_slope": 0.09933208409182885,
      "mean_roughness": 0.005471834577065238,
      "std_roughness": 5.3631418758898226e-05,
      "mean_regional_diff": 0.0002199609543987088,
      "n_samples": 5
    }
  },
  "statistics": {
    "performance": {
      "latency_BvsE_256x256": {
        "t_statistic": -5.932646741133038,
        "p_value": 0.004046395409894566,
        "significant": true,
        "test_used": "paired_t_test"
      }
    },
    "structural": {
      "slope_B_fbm_vs_D_wave_harmonic_no_erode": {
        "baseline_mean_slope": -3.1127099899167723,
        "baseline_std_slope": 0.06961008031719157,
        "enhanced_mean_slope": -3.133617293937415,
        "enhanced_std_slope": 0.09933208409182885,
        "t_statistic": 0.9367647437875949,
        "p_value": 0.40191455362427475,
        "significant": false,
        "test_used": "paired_t_test"
      },
      "slope_B_fbm_vs_E_wave_harmonic_full": {
        "baseline_mean_slope": -3.1127099899167723,
        "baseline_std_slope": 0.06961008031719157,
        "enhanced_mean_slope": -3.133617293937415,
        "enhanced_std_slope": 0.09933208409182885,
        "t_statistic": 0.9367647437875949,
        "p_value": 0.40191455362427475,
        "significant": false,
        "test_used": "paired_t_test"
      },
      "slope_C_fbm_eroded_vs_E_wave_harmonic_full": {
        "baseline_mean_slope": -3.1127099899167723,
        "baseline_std_slope": 0.06961008031719157,
        "enhanced_mean_slope": -3.133617293937415,
        "enhanced_std_slope": 0.09933208409182885,
        "t_statistic": 0.9367647437875949,
        "p_value": 0.40191455362427475,
        "significant": false,
        "test_used": "paired_t_test"
      },
      "roughness_differential_D_wave_harmonic_no_erode": {
        "t_statistic": 6.069034249351673,
        "p_value": 0.003722961864279115,
        "significant": true,
        "mean_diff": 0.0002199609543987088
      },
      "roughness_differential_E_wave_harmonic_full": {
        "t_statistic": 6.069034249351673,
        "p_value": 0.003722961864279115,
        "significant": true,
        "mean_diff": 0.0002199609543987088
      }
    }
  }
}